entry_date,exit_date,kind,strike,entry,exit,pnl,reason
2011-11-04,2011-11-04,put,122,0.902,0.694,-20.81,close
2011-11-10,2011-11-10,call,128,1.099,0.699,-40.0,stop
2011-11-16,2011-11-16,put,122,1.089,1.289,20.02,close
2011-12-14,2011-12-14,put,121,1.075,1.305,23.0,close
2011-12-16,2011-12-16,put,121,1.066,1.255,18.91,close
2012-01-17,2012-01-17,put,129,0.999,1.322,32.26,close
2012-03-16,2012-03-16,put,140,0.919,0.886,-3.29,close
2012-05-18,2012-05-18,call,133,1.063,0.663,-40.0,stop
2012-06-25,2012-06-25,put,131,1.002,1.226,22.38,close
2012-08-01,2012-08-01,call,140,0.948,0.548,-40.0,stop
2012-09-13,2012-09-13,call,145,1.024,2.136,111.15,close
2012-10-24,2012-10-24,call,143,1.024,0.624,-40.0,stop
2013-01-30,2013-01-30,call,151,1.038,0.781,-25.75,close
2013-02-26,2013-02-26,call,151,0.965,0.565,-40.0,stop
2013-03-15,2013-03-15,put,156,1.027,0.96,-6.73,close
2013-08-15,2013-08-15,put,167,1.074,1.57,49.59,close
2013-12-17,2013-12-17,put,178,0.959,1.182,22.36,close
2014-01-16,2014-01-16,put,184,1.074,0.969,-10.44,close
2014-02-20,2014-02-20,put,182,0.958,0.558,-40.0,stop
2014-03-03,2014-03-03,put,183,0.947,0.732,-21.52,close
2014-03-04,2014-03-04,call,188,1.05,1.274,22.35,close
2014-04-15,2014-04-15,put,182,1.021,1.021,0.0,trail stop
2014-05-15,2014-05-15,put,188,0.973,1.559,58.67,close
2014-08-19,2014-08-19,put,197,0.907,0.658,-24.86,close
2014-09-17,2014-09-17,put,200,1.05,0.948,-10.27,close
2014-10-14,2014-10-14,call,193,0.907,0.594,-31.29,close
2014-10-17,2014-10-17,call,192,0.981,0.938,-4.23,close
2014-10-22,2014-10-22,put,193,1.07,1.927,85.71,close
2014-11-20,2014-11-20,put,203,1.057,0.657,-40.0,stop
2014-12-15,2014-12-15,call,205,1.08,0.68,-40.0,stop
2015-05-22,2015-05-22,put,212,0.949,0.874,-7.49,close
2015-06-29,2015-06-29,put,206,1.025,2.296,127.15,close
2015-06-30,2015-06-30,call,210,1.014,0.614,-40.0,stop
2015-07-01,2015-07-01,call,210,1.065,0.665,-40.0,stop
2015-07-09,2015-07-09,call,210,0.933,0.563,-37.07,close
2015-07-10,2015-07-10,call,210,1.008,0.608,-40.0,stop
2015-08-25,2015-08-25,call,203,0.941,0.541,-40.0,stop
2015-08-26,2015-08-26,call,199,1.027,0.627,-40.0,stop
2015-08-27,2015-08-27,call,203,0.961,0.561,-40.0,stop
2015-09-04,2015-09-04,put,188,1.069,1.075,0.55,close
2015-09-16,2015-09-16,put,195,0.983,0.583,-40.0,stop
2015-09-18,2015-09-18,put,192,1.026,0.626,-40.0,stop
2015-09-22,2015-09-22,put,190,0.953,0.822,-13.14,close
2015-10-02,2015-10-02,put,186,1.027,0.627,-40.0,stop
2015-10-15,2015-10-15,put,198,1.042,0.642,-40.0,stop
2016-01-04,2016-01-04,put,197,1.082,0.716,-36.61,close
2016-01-06,2016-01-06,put,195,1.029,0.629,-40.0,stop
2016-01-15,2016-01-15,put,181,0.903,0.503,-40.0,stop
2016-01-20,2016-01-20,put,180,0.962,0.562,-40.0,stop
2016-02-19,2016-02-19,put,188,1.07,0.67,-40.0,stop
2016-09-16,2016-09-16,put,211,0.904,0.76,-14.43,close
2016-11-07,2016-11-07,call,212,1.038,2.845,180.68,close
2016-11-17,2016-11-17,put,217,1.091,0.706,-38.48,close
2017-07-14,2017-07-14,put,244,1.099,0.699,-40.0,stop
2017-08-14,2017-08-14,call,248,1.026,1.067,4.04,close
2017-12-13,2017-12-13,put,266,0.915,1.021,10.58,close
2018-02-06,2018-02-06,call,275,1.016,0.616,-40.0,stop
2018-02-08,2018-02-08,call,278,0.967,0.567,-40.0,stop
2018-02-09,2018-02-09,call,273,0.994,0.594,-40.0,stop
2018-04-11,2018-04-11,put,258,1.012,0.612,-40.0,stop
2018-06-19,2018-06-19,put,271,0.977,0.577,-40.0,stop
2018-10-12,2018-10-12,call,284,0.968,0.568,-40.0,stop
2018-11-14,2018-11-14,put,268,0.903,2.018,111.52,close
2018-12-12,2018-12-12,put,261,0.93,1.254,32.4,close
2019-01-11,2019-01-11,put,253,1.013,0.613,-40.0,stop
2019-01-14,2019-01-14,put,252,0.98,0.705,-27.51,close
2019-08-06,2019-08-06,call,294,0.953,0.553,-40.0,stop
2019-12-11,2019-12-11,put,310,1.092,0.836,-25.61,close
2020-01-03,2020-01-03,put,317,1.026,0.626,-40.0,stop
2020-01-27,2020-01-27,put,317,0.927,0.847,-7.96,close
2020-02-24,2020-02-24,put,315,1.095,0.695,-40.0,stop
2020-02-25,2020-02-25,call,333,1.085,0.685,-40.0,stop
2020-03-11,2020-03-11,put,257,1.044,1.908,86.37,close
2020-03-12,2020-03-12,put,230,1.027,3.189,216.25,close
2020-03-16,2020-03-16,put,219,1.022,2.964,194.23,close
2020-03-18,2020-03-18,put,209,1.025,0.625,-40.0,stop
2020-03-19,2020-03-19,put,206,1.039,0.639,-40.0,stop
2020-03-23,2020-03-23,put,200,1.032,0.632,-40.0,stop
2020-03-27,2020-03-27,put,226,1.052,0.652,-40.0,stop
2020-04-01,2020-04-01,put,225,1.002,0.602,-40.0,stop
2020-04-02,2020-04-02,put,224,0.993,0.593,-40.0,stop
2020-04-03,2020-04-03,put,231,1.034,0.634,-40.0,stop
2020-04-08,2020-04-08,put,249,1.005,0.605,-40.0,stop
2020-04-22,2020-04-22,call,300,1.044,0.644,-40.0,stop
2020-06-05,2020-06-05,call,328,1.033,1.31,27.71,close
2020-06-12,2020-06-12,call,328,0.997,0.597,-40.0,stop
2020-06-15,2020-06-15,put,277,0.983,0.583,-40.0,stop
2020-09-04,2020-09-04,call,366,1.083,0.683,-40.0,stop
2020-11-09,2020-11-09,call,377,1.076,0.676,-40.0,stop
2021-01-28,2021-01-28,call,398,1.024,0.756,-26.8,close
2021-02-01,2021-02-01,call,393,1.083,0.683,-40.0,stop
2021-03-01,2021-03-01,call,400,1.099,0.699,-40.0,stop
2021-11-26,2021-11-26,put,443,0.995,1.634,63.91,close
2021-11-29,2021-11-29,call,484,0.995,0.595,-40.0,stop
2021-12-01,2021-12-01,call,481,0.993,0.593,-40.0,stop
2021-12-03,2021-12-03,call,480,1.068,0.668,-40.0,stop
2022-02-10,2022-02-10,put,439,1.046,1.899,85.32,close
2022-02-24,2022-02-24,put,385,1.013,0.613,-40.0,stop
2022-02-28,2022-02-28,put,409,1.002,0.602,-40.0,stop
2022-03-10,2022-03-10,put,400,1.044,0.644,-40.0,stop
2022-05-11,2022-05-11,put,377,0.986,0.586,-40.0,stop
2022-06-10,2022-06-10,put,380,1.03,2.058,102.75,close
2022-06-13,2022-06-13,put,362,1.07,2.088,101.8,close
2022-06-16,2022-06-16,put,354,1.058,1.902,84.41,close
2022-07-05,2022-07-05,put,361,1.005,0.605,-40.0,stop
2022-07-13,2022-07-13,put,360,0.965,0.565,-40.0,stop
2022-09-13,2022-09-13,put,389,1.072,3.812,274.02,close
2022-10-13,2022-10-13,put,331,0.968,0.568,-40.0,stop
2024-02-13,2024-02-13,put,487,1.094,1.642,54.72,trail stop
2024-04-10,2024-04-10,put,504,1.06,0.953,-10.7,close
2024-06-12,2024-06-12,put,533,0.95,0.55,-40.0,stop
2024-08-06,2024-08-06,call,553,1.079,0.679,-40.0,stop
2024-08-07,2024-08-07,call,551,1.069,0.669,-40.0,stop
2024-11-06,2024-11-06,call,604,0.965,0.565,-40.0,stop
2024-12-19,2024-12-19,call,613,1.083,1.083,0.0,trail stop
2025-01-27,2025-01-27,put,578,1.01,0.61,-40.0,stop
2025-02-03,2025-02-03,put,574,1.016,0.616,-40.0,stop
2025-04-03,2025-04-03,put,522,1.098,3.05,195.23,close
2025-04-07,2025-04-07,put,431,1.065,0.665,-40.0,stop
2025-04-08,2025-04-08,call,571,1.08,0.68,-40.0,stop
2025-04-10,2025-04-10,put,500,1.085,2.904,181.98,close
2025-04-14,2025-04-14,call,582,1.046,0.646,-40.0,stop
2025-11-20,2025-11-20,call,698,1.027,0.627,-40.0,stop
2026-04-08,2026-04-08,call,702,1.025,0.625,-40.0,stop
