entry_date,time,kind,exit_style,edge,entry,exit,spy_move,pnl,reason
2016-09-21,12:30,call,runner,0.09639959376528195,1.048,1.876,0.01011,82.7,close
2016-09-22,13:30,put,runner,-0.09443238538885418,0.963,0.94,0.00037,-2.43,close
2016-09-29,13:30,call,runner,0.11387450097712781,1.052,0.876,-0.00146,-17.73,close
2016-09-30,14:30,call,runner,0.0935797983733413,1.069,0.867,-0.00217,-20.25,close
2016-10-04,13:30,call,runner,0.12577262423068514,0.963,1.0,0.00112,3.52,close
2016-10-13,11:30,put,runner,-0.11872792005329169,1.057,0.657,-0.00391,-40.1,stop
2016-10-14,10:30,put,runner,-0.18217496482842066,1.003,1.465,0.00602,46.14,close
2016-10-18,10:30,call,runner,0.136569873947327,1.002,1.038,0.00131,3.49,close
2016-10-19,10:30,put,runner,-0.09189539227465687,0.958,0.841,-0.0007,-11.73,close
2016-10-25,10:30,put,runner,-0.16862636028957018,0.968,1.124,0.00238,15.5,close
2016-11-01,14:30,call,runner,0.1422777369991095,1.002,1.12,0.00271,11.64,close
2016-11-02,10:30,put,runner,-0.12213252987046719,0.979,1.138,0.00442,15.8,close
2016-11-03,10:30,put,runner,-0.2525303206455161,0.988,1.213,0.00576,22.42,close
2016-11-04,10:30,put,runner,-0.09875508796287441,0.981,1.022,0.00268,3.96,close
2016-11-07,10:30,put,runner,-0.18240828370654777,1.1,0.754,-0.00588,-34.64,close
2016-11-08,10:30,put,runner,-0.15437944670600906,1.091,0.691,-0.00602,-40.1,stop
2016-11-09,12:30,call,runner,0.0863322179816779,0.93,1.054,0.00422,12.32,close
2016-11-10,10:30,call,runner,0.22030337323824356,1.041,1.041,0.00407,-0.1,trail stop
2016-11-25,11:30,put,runner,-0.08167403088669467,1.02,0.828,-0.00149,-19.26,close
2016-12-01,13:30,call,runner,0.10670618294468759,1.029,1.011,0.00046,-1.87,close
2016-12-02,10:30,put,runner,-0.13736112748706658,0.923,0.893,0.0005,-3.1,close
2016-12-12,12:30,call,runner,0.08809743557953365,1.041,1.124,0.00151,8.24,close
2016-12-14,14:30,call,runner,0.12875612054535202,0.949,0.755,-0.0019,-19.42,close
2016-12-16,10:30,call,runner,0.15493239760955502,1.012,0.612,-0.00275,-40.1,stop
2016-12-29,10:30,put,runner,-0.1435016553190176,1.042,1.114,0.00142,7.05,close
2016-12-30,10:30,put,runner,-0.08297322691634973,1.081,1.043,0.00027,-3.86,close
2017-01-04,10:30,put,runner,-0.11158748848497146,1.076,0.746,-0.00332,-33.14,close
2017-01-10,14:30,call,runner,0.08124415050870493,1.036,0.97,-0.00018,-6.7,close
2017-01-13,10:30,put,runner,-0.12627093435604236,1.038,1.022,0.0004,-1.72,close
2017-01-17,10:30,put,runner,-0.12886167655019537,0.913,0.963,0.00115,4.95,close
2017-01-18,10:30,put,runner,-0.12891919757331216,1.063,0.899,-0.00113,-16.52,close
2017-01-20,10:30,put,runner,-0.0828261440592834,0.96,0.979,0.00093,1.83,close
2017-01-24,10:30,put,runner,-0.2238811469513871,1.088,0.688,-0.00486,-40.1,stop
2017-01-26,12:30,call,runner,0.08457036890169589,1.021,0.971,7e-05,-5.11,close
2017-02-02,10:30,put,runner,-0.09440330095815425,0.932,0.752,-0.00158,-18.12,close
2017-02-06,10:30,put,runner,-0.1433596287943732,1.038,1.094,0.00109,5.58,close
2017-02-09,10:30,put,runner,-0.08168364521355714,1.073,0.844,-0.00174,-23.04,close
2017-02-10,10:30,put,runner,-0.11252235524540655,1.013,0.792,-0.00164,-22.23,close
2017-02-13,10:30,put,runner,-0.1747354596385911,0.943,0.773,-0.0012,-17.08,close
2017-02-14,10:30,put,runner,-0.08022876565938614,0.934,0.534,-0.00538,-40.1,stop
2017-02-17,14:30,put,runner,-0.08323188902650197,0.993,0.753,-0.00217,-24.09,close
2017-02-21,10:30,put,runner,-0.14479974920540567,0.97,0.906,-4e-05,-6.43,close
2017-02-27,10:30,call,runner,0.08381169153871215,0.907,0.909,0.0007,0.12,close
2017-03-02,11:30,call,runner,0.11988390387789738,0.984,0.725,-0.00226,-25.93,close
2017-03-08,12:30,call,runner,0.09872726745552896,1.068,0.783,-0.00245,-28.58,close
2017-03-09,10:30,call,runner,0.1070537614953262,1.054,0.654,-0.00064,-40.1,stop
2017-03-10,11:30,call,runner,0.12179269581315455,0.939,0.949,0.00084,0.96,close
2017-03-16,10:30,call,runner,0.1278734007449952,0.933,0.782,-0.00096,-15.14,close
2017-03-21,10:30,call,runner,0.10810640753833678,0.991,0.591,-0.00968,-40.1,stop
2017-03-22,10:30,put,runner,-0.10173308942916454,0.919,0.608,-0.00403,-31.25,close
2017-03-27,10:30,put,runner,-0.11533905146826473,0.951,0.551,-0.00508,-40.1,stop
2017-04-03,10:30,put,runner,-0.1621379862892937,0.957,0.957,0.00085,-0.1,trail stop
2017-04-04,10:30,put,runner,-0.1673723780038509,0.921,0.633,-0.00285,-28.98,close
2017-04-05,11:30,put,runner,-0.09966751963186804,0.936,1.807,0.00757,86.98,close
2017-04-06,10:30,put,runner,-0.15849253135059677,0.947,0.862,-0.00025,-8.55,close
2017-04-12,10:30,put,runner,-0.2124238038141935,1.041,1.194,0.00209,15.13,close
2017-04-17,10:30,put,runner,-0.20798364324927288,0.976,0.598,-0.00458,-37.95,close
2017-04-18,10:30,put,runner,-0.0825212440741398,0.923,0.835,-0.0003,-8.86,close
2017-04-19,10:30,put,runner,-0.10853023513335153,1.02,1.421,0.0052,40.05,close
2017-04-24,10:30,call,runner,0.1647238953637047,1.064,1.003,0.00013,-6.24,close
2017-05-01,10:30,put,runner,-0.08534622741210035,1.02,0.84,-0.00124,-18.14,close
2017-05-04,10:30,put,runner,-0.08184136432689026,1.013,0.963,0.00013,-5.14,close
2017-05-11,10:30,call,runner,0.08726018915102063,1.061,1.534,0.00443,47.19,close
2017-05-18,14:30,call,runner,0.09517379703518747,1.086,0.843,-0.00299,-24.36,close
2017-05-22,10:30,put,runner,-0.14701672445195063,0.914,0.735,-0.00146,-18.05,close
2017-05-24,10:30,put,runner,-0.12390863685192682,1.043,0.837,-0.00146,-20.68,close
2017-05-25,12:30,call,runner,0.08553591904681712,1.065,1.034,0.00021,-3.23,close
2017-06-09,13:30,call,runner,0.08595396301086466,0.941,0.541,-0.00242,-40.1,stop
2017-06-12,10:30,call,runner,0.10826510245437782,1.029,1.186,0.0022,15.61,close
2017-06-14,10:30,call,runner,0.10858269893589223,1.051,0.651,-0.00033,-40.1,stop
2017-06-16,10:30,call,runner,0.1482187250192687,0.933,1.189,0.00306,25.51,close
2017-06-26,10:30,put,runner,-0.14834674274367382,0.992,1.396,0.00369,40.22,close
2017-06-28,10:30,put,runner,-0.17126406851396397,1.085,0.685,-0.00359,-40.1,stop
2017-06-29,12:30,call,runner,0.08260054056027966,0.954,0.554,-0.00025,-40.1,stop
2017-06-30,12:30,put,runner,-0.08249813692080277,1.047,1.088,0.00103,3.97,close
2017-07-06,12:30,put,runner,-0.0834665335276426,1.038,1.386,0.0035,34.68,close
2017-07-10,10:30,put,runner,-0.14221904714864392,1.096,0.953,-0.00078,-14.39,close
2017-07-11,10:30,put,runner,-0.11575976019227002,1.086,1.086,0.0005,-0.1,trail stop
2017-07-25,10:30,call,runner,0.08663710253897938,0.914,0.804,-0.00044,-11.16,close
2017-07-28,10:30,call,runner,0.10741795024911016,1.099,1.292,0.00219,19.17,close
2017-08-01,10:30,call,runner,0.14672595534737787,0.916,1.0,0.00145,8.35,close
2017-08-09,10:30,call,runner,0.08100184519082965,0.992,1.183,0.0026,19.09,close
2017-08-14,10:30,put,runner,-0.11471105874332882,0.94,0.803,-0.00097,-13.8,close
2017-08-23,10:30,put,runner,-0.1468482811861832,0.984,0.984,0.00062,-0.07,close
2017-08-25,13:30,put,runner,-0.0901369983871706,0.927,1.026,0.00155,9.78,close
2017-08-28,10:30,put,runner,-0.241917443976844,1.015,0.905,-0.00049,-11.02,close
2017-08-29,10:30,put,runner,-0.20011863414076758,1.07,0.67,-0.00427,-40.1,stop
2017-09-14,10:30,call,runner,0.13788993313634168,0.954,0.937,0.00048,-1.76,close
2017-09-20,14:30,call,runner,0.08682702520916419,0.98,1.355,0.00353,37.47,close
2017-09-27,11:30,call,runner,0.11663272377907585,1.062,1.322,0.00265,25.95,close
2017-10-04,11:30,put,runner,-0.08292375897338083,1.012,0.924,-0.0003,-8.91,close
2017-10-17,10:30,call,runner,0.09101813181700602,0.929,0.979,0.00102,4.87,close
2017-10-24,10:30,call,runner,0.10215273092594468,0.937,0.913,0.00047,-2.52,close
2017-10-25,10:30,call,runner,0.08690435014441011,1.009,0.609,-0.00125,-40.1,stop
2017-10-31,10:30,call,runner,0.0975802786410781,1.05,1.008,0.00023,-4.3,close
2017-11-07,12:30,call,runner,0.1002515021528797,0.962,1.059,0.00128,9.65,close
2017-11-09,10:30,call,runner,0.10633744552399371,0.91,0.51,0.00033,-40.1,stop
2017-11-17,13:30,put,runner,-0.09058863894060165,1.076,1.171,0.0012,9.42,close
2017-11-29,10:30,call,runner,0.09605001484870124,0.935,0.808,-0.00061,-12.78,close
2017-12-07,11:30,put,runner,-0.08352879587136913,1.084,0.986,-0.00038,-9.89,close
2017-12-14,11:30,call,runner,0.10262617901460602,0.934,0.534,-0.00424,-40.1,stop
2017-12-20,10:30,call,runner,0.10526283306198392,1.073,0.901,-0.00094,-17.28,close
2017-12-26,10:30,put,runner,-0.10686020068310015,0.926,0.926,0.00049,-0.13,close
2018-01-02,14:30,put,runner,-0.08257274455910113,0.919,0.704,-0.00194,-21.56,close
2018-01-11,11:30,put,runner,-0.08091082400104543,1.066,0.666,-0.00371,-40.1,stop
2018-01-16,10:30,put,runner,-0.098979319371022,1.012,2.433,0.00955,142.02,close
2018-01-17,10:30,put,runner,-0.10193799298831435,0.932,0.532,-0.00713,-40.1,stop
2018-01-22,10:30,put,runner,-0.09732227011519007,1.031,0.631,-0.00487,-40.1,stop
2018-01-23,14:30,put,runner,-0.08934716365161172,1.084,0.992,-0.00042,-9.3,close
2018-01-25,10:30,call,runner,0.14277758064892454,1.095,1.062,0.00039,-3.36,close
2018-01-29,14:30,put,runner,-0.09303121371215617,0.986,1.295,0.00336,30.82,close
2018-01-30,10:30,call,runner,0.09206231768919737,1.019,0.789,-0.00209,-23.03,close
2018-02-06,10:30,call,runner,0.22542455569949849,1.08,1.722,0.02225,64.1,close
2018-02-08,10:30,put,runner,-0.08926627948411431,1.057,3.17,0.03135,211.18,close
2018-02-09,14:30,call,runner,0.08396113875760469,1.048,1.479,0.01136,43.08,close
2018-02-13,10:30,put,runner,-0.15666586674620392,0.969,0.569,-0.00639,-40.1,stop
2018-02-14,10:30,call,runner,0.14141763141573704,0.928,1.519,0.01079,59.04,close
2018-02-20,10:30,put,runner,-0.10198751414962948,0.994,1.116,0.00309,12.08,close
2018-02-21,10:30,put,runner,-0.12353322516339593,1.004,0.604,0.01019,-40.1,stop
2018-02-22,10:30,put,runner,-0.10268104260065825,0.993,1.239,0.00497,24.45,close
2018-02-23,13:30,put,runner,-0.08760219063253222,0.916,0.516,-0.00807,-40.1,stop
2018-02-27,10:30,put,runner,-0.18683178189225175,0.915,1.372,0.01518,45.63,trail stop
2018-03-01,14:30,call,runner,0.09289773171556759,0.975,0.996,0.00118,2.03,close
2018-03-02,10:30,call,runner,0.0814395477343336,1.053,1.958,0.01371,90.42,close
2018-03-05,10:30,put,runner,-0.08681253897557334,1.041,0.641,-0.01404,-40.1,stop
2018-03-09,10:30,put,runner,-0.0986170129874539,1.019,0.619,-0.00868,-40.1,stop
2018-03-19,10:30,put,runner,-0.16555619493932905,0.954,1.431,0.00756,47.6,trail stop
2018-03-20,10:30,put,runner,-0.10488659707215053,0.918,0.918,0.00144,-0.05,close
2018-03-21,10:30,put,runner,-0.16952432036165865,1.039,0.639,0.00137,-40.1,stop
2018-03-23,10:30,put,runner,-0.09322189740686376,1.091,2.756,0.02302,166.33,close
2018-03-26,11:30,call,runner,0.12951041415479392,1.025,2.293,0.01914,126.65,close
2018-03-29,10:30,put,runner,-0.12930286172212457,1.049,0.649,-0.00911,-40.1,stop
2018-04-02,10:30,put,runner,-0.10781690681580397,1.023,1.83,0.01205,80.54,close
2018-04-04,11:30,call,runner,0.09198508692832441,0.908,1.838,0.0152,92.83,close
2018-04-09,12:30,call,runner,0.08606674913108836,1.025,0.625,-0.01182,-40.1,stop
2018-04-11,14:30,put,runner,-0.09091610171105508,1.092,1.192,0.00238,9.83,close
2018-04-13,14:30,put,runner,-0.0880289913089704,1.072,1.193,0.00233,12.0,close
2018-04-20,11:30,call,runner,0.13321006464870788,1.078,1.026,0.00026,-5.21,close
2018-04-24,12:30,call,runner,0.09600691664871841,0.956,0.556,-0.00706,-40.1,stop
2018-04-30,12:30,call,runner,0.125646304059146,1.002,0.602,-0.00549,-40.1,stop
2018-05-09,12:30,put,runner,-0.09721513855682357,0.986,0.67,-0.00365,-31.69,close
2018-05-15,10:30,call,runner,0.12810077117435337,1.016,1.019,0.00081,0.17,close
2018-05-18,10:30,call,runner,0.08543381138362927,0.958,0.764,-0.00147,-19.44,close
2018-05-23,10:30,call,runner,0.13142103057965282,0.926,1.435,0.00541,50.82,close
2018-05-24,10:30,call,runner,0.1623851279841334,0.998,1.513,0.0049,51.33,close
2018-05-25,10:30,call,runner,0.1503142507255949,1.064,0.664,-0.00172,-40.1,stop
2018-05-29,10:30,call,runner,0.09106983793497836,1.093,0.693,-0.00659,-40.1,stop
2018-06-04,12:30,put,runner,-0.08571945427092725,0.948,0.891,0.0,-5.82,close
2018-06-14,10:30,put,runner,-0.08066081105924378,1.022,1.083,0.00143,6.05,close
2018-06-15,11:30,call,runner,0.09567023158576404,0.979,1.377,0.00428,39.64,close
2018-06-27,10:30,put,runner,-0.10916544143172857,1.046,2.555,0.01453,150.83,close
2018-06-28,13:30,put,runner,-0.08243695466890955,0.991,0.76,-0.00283,-23.19,close
2018-07-03,10:30,put,runner,-0.09610987515206915,1.024,1.821,0.00855,79.6,close
2018-07-05,10:30,put,runner,-0.144014089867799,1.064,0.664,-0.00519,-40.1,stop
2018-07-13,10:30,put,runner,-0.1194801340889779,1.021,0.827,-0.00136,-19.53,close
2018-07-16,12:30,put,runner,-0.09632396002986349,0.917,0.925,0.00068,0.72,close
2018-07-20,10:30,call,runner,0.08822045164596637,1.047,0.861,-0.00121,-18.63,close
2018-07-27,11:30,call,runner,0.1108791312127938,0.905,0.505,-0.0043,-40.1,stop
2018-08-01,10:30,put,runner,-0.18592940639191458,0.982,1.278,0.00362,29.51,close
2018-08-02,10:30,call,runner,0.11756401330996813,1.075,1.707,0.00638,63.14,close
2018-08-03,10:30,call,runner,0.08995939291418409,0.981,1.121,0.00203,13.94,close
2018-08-10,10:30,call,runner,0.13546176768349116,1.033,0.878,-0.00085,-15.58,close
2018-08-16,10:30,put,runner,-0.12133207491523562,1.071,0.934,-0.00081,-13.84,close
2018-08-27,13:30,put,runner,-0.09034614179045913,0.933,0.847,-0.00036,-8.72,close
2018-09-07,10:30,call,runner,0.14514182487841432,1.072,0.868,-0.00153,-20.47,close
2018-09-10,11:30,put,runner,-0.09834856497109684,1.057,1.159,0.00187,10.13,close
2018-09-24,14:30,put,runner,-0.0833763542851017,0.937,0.867,-0.00024,-7.12,close
2018-10-08,10:30,put,runner,-0.08578495623286403,0.98,0.98,0.00083,-0.1,trail stop
2018-10-09,12:30,put,runner,-0.11789042364870578,0.921,0.977,0.0016,5.49,close
2018-10-11,10:30,call,runner,0.13065566305079768,0.98,0.58,-0.01803,-40.1,stop
2018-10-12,10:30,call,runner,0.09298916480571617,1.058,0.658,0.00334,-40.1,stop
2018-10-15,10:30,put,runner,-0.09603126295449177,1.043,0.643,0.00214,-40.1,stop
2018-10-19,10:30,call,runner,0.1537736497783968,0.913,0.513,-0.00844,-40.1,stop
2018-10-22,11:30,call,runner,0.08340392746782166,1.099,0.823,-0.00333,-27.72,close
2018-10-23,10:30,call,runner,0.13824969308629065,1.03,2.076,0.01507,104.48,close
2018-10-24,10:30,put,runner,-0.09260055432911857,1.086,3.289,0.02561,220.23,close
2018-10-25,10:30,call,runner,0.13002528817767955,0.989,1.143,0.00532,15.25,close
2018-10-26,10:30,call,runner,0.19522619391322749,1.086,1.086,0.00337,-0.1,trail stop
2018-10-29,10:30,call,runner,0.09826846239209441,1.067,0.667,-0.02209,-40.1,stop
2018-10-30,10:30,call,runner,0.1193967598818716,1.024,0.624,0.00728,-40.1,stop
2018-10-31,10:30,call,runner,0.09635278717699047,1.083,0.775,-0.00478,-30.91,close
2018-11-02,10:30,call,runner,0.09886713085201926,1.087,0.687,-0.00447,-40.1,stop
2018-11-05,13:30,put,runner,-0.08918447203852009,1.015,0.775,-0.00349,-24.13,close
2018-11-06,13:30,put,runner,-0.08444489110366143,0.918,0.765,-0.00183,-15.33,close
2018-11-07,10:30,call,runner,0.08677769005067804,0.994,1.76,0.01065,76.51,close
2018-11-08,10:30,put,runner,-0.17597949483381242,1.032,0.921,-0.0005,-11.18,close
2018-11-14,12:30,call,runner,0.0845041165958873,1.095,0.695,-0.00501,-40.1,stop
2018-11-15,10:30,call,runner,0.14287224925326203,1.083,2.664,0.01793,157.99,close
2018-11-16,10:30,call,runner,0.1194906876370393,0.929,1.034,0.00297,10.46,close
2018-11-19,10:30,call,runner,0.1071347288327873,0.934,0.534,-0.008,-40.1,stop
2018-11-20,10:30,call,runner,0.26247985423159415,1.071,0.671,-0.00311,-40.1,stop
2018-11-26,10:30,call,runner,0.11494924608525525,0.975,1.061,0.00274,8.52,close
2018-11-28,12:30,call,runner,0.12242814799113444,0.996,1.475,0.00786,47.8,close
2018-12-03,10:30,call,runner,0.17363667862557353,1.083,0.683,-0.00122,-40.1,stop
2018-12-04,12:30,call,runner,0.101878105518313,1.035,0.635,-0.01026,-40.1,stop
2018-12-06,10:30,call,runner,0.16703684452353496,1.035,0.635,0.01531,-40.1,stop
2018-12-14,12:30,call,runner,0.0852699262505171,1.062,0.662,-0.00546,-40.1,stop
2018-12-17,10:30,call,runner,0.09242720486084643,1.096,0.696,-0.01379,-40.1,stop
2018-12-18,11:30,call,runner,0.08649627287308781,1.024,0.624,-0.00355,-40.1,stop
2018-12-19,14:30,call,runner,0.1289739175218937,0.958,0.558,-0.01994,-40.1,stop
2018-12-20,10:30,call,runner,0.18351260864505403,1.003,0.603,-0.01219,-40.1,stop
2018-12-21,10:30,call,runner,0.15402562139017606,0.956,0.556,-0.03135,-40.1,stop
2018-12-24,10:30,call,runner,0.23173994521730035,1.089,0.689,-0.01935,-40.1,stop
2018-12-26,10:30,put,runner,-0.14853600294917207,0.947,0.547,-0.04593,-40.1,stop
2018-12-28,13:30,put,runner,-0.09034520855020661,1.026,0.626,8e-05,-40.1,stop
2018-12-31,13:30,call,runner,0.0897121077559182,1.069,0.669,0.00012,-40.1,stop
2019-01-02,11:30,call,runner,0.14215413956847367,1.088,1.15,0.00293,6.12,close
2019-01-03,10:30,call,runner,0.09202557749759588,1.049,1.049,-0.00619,-0.1,trail stop
2019-01-04,10:30,call,runner,0.24605948713873949,1.002,1.247,0.00602,24.44,close
2019-01-07,13:30,call,runner,0.0851526324803179,1.002,0.67,-0.00544,-33.34,close
2019-01-08,10:30,call,runner,0.10604592271036417,1.083,1.344,0.00505,25.92,close
2019-01-15,10:30,call,runner,0.116968835723814,1.026,1.381,0.00544,35.4,close
2019-01-16,10:30,call,runner,0.12216930470149756,1.071,0.876,-0.00165,-19.57,close
2019-01-17,10:30,call,runner,0.13826472125566025,1.089,1.629,0.00716,53.92,close
2019-01-23,10:30,call,runner,0.09246894826076824,1.011,0.611,-0.00091,-40.1,stop
2019-01-24,10:30,call,runner,0.15618761125910952,0.901,0.501,-0.00174,-40.1,stop
2019-01-25,10:30,call,runner,0.21910958008775272,0.941,0.791,-0.00116,-15.07,close
2019-01-28,10:30,call,runner,0.1184606052643713,0.918,0.979,0.00209,6.02,close
2019-01-30,10:30,put,runner,-0.10877604329045443,1.074,0.674,-0.01069,-40.1,stop
2019-02-01,10:30,call,runner,0.11117275838466334,0.94,0.54,-0.00332,-40.1,stop
2019-02-05,10:30,call,runner,0.092707389547657,0.945,0.968,0.00119,2.16,close
2019-02-06,10:30,call,runner,0.13478308968285946,1.039,1.121,0.00176,8.15,close
2019-02-07,10:30,call,runner,0.1119610680661296,0.971,0.571,-0.00405,-40.1,stop
2019-02-14,10:30,call,runner,0.10528277820386656,1.06,1.011,0.00029,-5.08,close
2019-02-20,10:30,call,runner,0.08478298395034134,1.044,1.052,0.00093,0.61,close
2019-03-04,12:30,call,runner,0.09363839434871657,0.933,1.551,0.00623,61.67,close
2019-03-15,10:30,call,runner,0.08133122838851481,1.094,1.222,0.00199,12.67,close
2019-03-21,13:30,call,runner,0.10006724530912325,1.094,1.228,0.00204,13.24,close
2019-03-25,14:30,put,runner,-0.0886730836431397,0.936,0.667,-0.00389,-26.99,close
2019-03-26,10:30,put,runner,-0.08020044671605708,1.051,1.163,0.00238,11.04,close
2019-03-27,12:30,call,runner,0.08933990363933886,1.036,1.219,0.00272,18.26,close
2019-04-01,13:30,put,runner,-0.08946863679428668,0.966,0.757,-0.00195,-21.05,close
2019-04-02,10:30,put,runner,-0.10111601146777188,1.047,0.985,7e-05,-6.35,close
2019-04-18,10:30,call,runner,0.11009336664489333,1.053,1.384,0.0036,33.06,close
2019-04-25,10:30,call,runner,0.09734885040622432,1.025,1.258,0.00313,23.17,close
2019-05-02,11:30,call,runner,0.08858457489524696,1.072,1.246,0.00272,17.31,close
2019-05-06,10:30,call,runner,0.08393534697625837,1.056,1.768,0.00629,71.02,close
2019-05-08,10:30,put,runner,-0.08871597956338484,1.097,1.044,0.00045,-5.37,close
2019-05-22,13:30,put,runner,-0.08511173845257869,0.93,0.829,-0.00063,-10.21,close
2019-05-23,12:30,put,runner,-0.08790014568982019,0.959,0.7,-0.00295,-25.93,close
2019-05-24,10:30,put,runner,-0.13341858815321245,1.024,1.02,0.00099,-0.5,close
2019-05-29,11:30,put,runner,-0.08290418664654825,1.083,0.882,-0.00203,-20.22,close
2019-05-30,10:30,put,runner,-0.09813145394308087,0.976,1.061,0.00236,8.4,close
2019-05-31,10:30,put,runner,-0.09090243117193686,0.989,1.063,0.00228,7.21,close
2019-06-03,10:30,put,runner,-0.11078970573720315,1.071,1.071,0.00543,-0.1,trail stop
2019-06-07,10:30,call,runner,0.08569344207345753,1.042,1.033,0.00084,-0.96,close
2019-06-14,14:30,put,runner,-0.08346002860612084,1.048,0.992,-7e-05,-5.76,close
2019-06-17,10:30,put,runner,-0.0945661062236165,1.002,1.078,0.00172,7.43,close
2019-06-24,13:30,call,runner,0.08108523555392066,1.038,0.866,-0.00146,-17.27,close
2019-06-25,14:30,call,runner,0.0902616911988886,1.006,0.793,-0.0023,-21.42,close
2019-06-28,11:30,put,runner,-0.09029967006426931,0.94,0.72,-0.00238,-22.07,close
2019-07-25,11:30,put,runner,-0.09329216059320711,1.006,1.082,0.0015,7.51,close
2019-07-26,14:30,put,runner,-0.08133515359042226,0.915,0.803,-0.00076,-11.25,close
2019-07-31,10:30,put,runner,-0.17514348718007006,0.962,1.925,0.01055,96.14,trail stop
2019-08-01,10:30,put,runner,-0.08555389104302519,1.098,2.746,0.01598,164.74,close
2019-08-05,10:30,put,runner,-0.08852887395869413,1.063,1.594,0.00911,53.05,trail stop
2019-08-07,10:30,put,runner,-0.10427761686528314,0.91,0.51,-0.01225,-40.1,stop
2019-08-08,10:30,put,runner,-0.11602367347554832,0.974,0.574,-0.01015,-40.1,stop
2019-08-09,10:30,put,runner,-0.08022455129505307,0.999,0.599,-0.00199,-40.1,stop
2019-08-12,11:30,put,runner,-0.0891817239487191,0.915,1.135,0.00415,21.94,close
2019-08-13,10:30,call,runner,0.11145499394188896,1.035,0.635,-0.00456,-40.1,stop
2019-08-15,10:30,put,runner,-0.0913905734317722,1.07,0.95,-0.00063,-12.06,close
2019-08-16,10:30,put,runner,-0.10298121607363925,1.072,0.672,-0.00477,-40.1,stop
2019-08-20,10:30,put,runner,-0.15295148844110534,1.07,1.335,0.00422,26.37,close
2019-08-23,12:30,call,runner,0.08154223626106938,1.099,0.699,-0.00711,-40.1,stop
2019-08-26,10:30,put,runner,-0.13169997385274923,0.955,0.587,-0.00622,-36.91,close
2019-08-27,10:30,put,runner,-0.09910836803906864,0.92,1.264,0.00655,34.25,close
2019-08-30,11:30,put,runner,-0.08754466434015812,0.928,0.715,-0.00235,-21.34,close
2019-09-03,10:30,put,runner,-0.08875258234539152,1.015,0.831,-0.00179,-18.45,close
2019-09-10,11:30,put,runner,-0.10243913616945272,0.971,0.571,-0.00679,-40.1,stop
2019-09-18,10:30,put,runner,-0.08997897926880644,1.025,1.025,-0.002,-0.1,trail stop
2019-09-20,11:30,call,runner,0.08579948403562176,1.097,0.697,-0.00633,-40.1,stop
2019-09-24,12:30,call,runner,0.09180289681128806,1.009,0.609,-0.00184,-40.1,stop
2019-10-07,10:30,put,runner,-0.18123050307883393,1.007,1.095,0.00228,8.68,close
2019-10-09,12:30,put,runner,-0.08025169156494599,0.992,0.893,-0.00055,-10.04,close
2019-10-14,11:30,put,runner,-0.08254780300350434,0.904,0.88,0.00061,-2.55,close
2019-11-01,10:30,call,runner,0.15470522821937416,0.986,1.117,0.00195,13.02,close
2019-11-06,12:30,call,runner,0.0891485181055357,0.934,1.137,0.00258,20.21,close
2019-11-08,10:30,call,runner,0.10642801950405822,1.048,1.348,0.00312,29.85,close
2019-11-13,10:30,call,runner,0.09180873444899496,1.002,1.102,0.00165,9.9,close
2019-12-04,10:30,put,runner,-0.0959382537183559,0.955,0.877,-0.0,-7.84,close
2019-12-18,11:30,put,runner,-0.0860479590197733,1.016,1.137,0.00175,12.02,close
2019-12-26,13:30,put,runner,-0.08173461225259632,1.059,0.811,-0.00185,-24.94,close
2020-01-07,13:30,put,runner,-0.08050421277173886,0.96,0.983,0.00087,2.21,close
2020-01-08,10:30,put,runner,-0.11964421337014858,1.031,0.631,-0.00312,-40.1,stop
2020-01-15,13:30,put,runner,-0.10383950471810488,0.958,0.895,-9e-05,-6.37,close
2020-01-17,10:30,put,runner,-0.147719381780748,0.939,0.809,-0.00063,-13.11,close
2020-01-23,11:30,put,runner,-0.08816418996914033,0.933,0.533,-0.00625,-40.1,stop
2020-01-28,10:30,put,runner,-0.11684086921337977,0.978,0.798,-0.00169,-18.17,close
2020-01-29,10:30,put,runner,-0.15872103577368252,0.936,0.994,0.00199,5.69,close
2020-01-30,10:30,put,runner,-0.11310381609992692,0.979,0.579,-0.00744,-40.1,stop
2020-01-31,10:30,put,runner,-0.14893056564806312,0.992,1.716,0.00899,72.28,close
2020-02-03,10:30,put,runner,-0.09933903116437226,1.023,1.358,0.00607,33.4,close
2020-02-05,10:30,put,runner,-0.13568243253038775,0.994,0.594,-0.00504,-40.1,stop
2020-02-06,10:30,put,runner,-0.15143384952349792,0.904,0.664,-0.00234,-24.12,close
2020-02-11,11:30,put,runner,-0.09510753012072404,1.022,1.251,0.00296,22.85,close
2020-02-13,10:30,put,runner,-0.1377309109207036,1.079,0.679,-0.0022,-40.1,stop
2020-02-18,10:30,put,runner,-0.1619514043714922,0.985,0.734,-0.00211,-25.19,close
2020-02-19,10:30,put,runner,-0.09761728303227352,1.091,0.967,-0.00053,-12.45,close
2020-02-20,10:30,put,runner,-0.12257363733227011,0.906,1.812,0.00396,90.49,trail stop
2020-02-21,10:30,put,runner,-0.14165937876958629,0.921,1.006,0.00209,8.38,close
2020-02-24,10:30,put,runner,-0.1454133207471357,1.058,1.058,0.00592,-0.1,trail stop
2020-02-27,10:30,put,runner,-0.15498238925313074,0.993,0.593,0.01653,-40.1,stop
2020-02-28,11:30,call,runner,0.19357663612939224,1.075,1.521,0.01663,44.52,close
2020-03-03,10:30,put,runner,-0.1015985777665786,1.05,2.1,0.0296,104.92,trail stop
2020-03-04,10:30,call,runner,0.12289330075014226,1.055,1.851,0.02005,79.54,close
2020-03-06,10:30,call,runner,0.14584633190957053,1.076,0.676,0.00344,-40.1,stop
2020-03-09,10:30,call,runner,0.2890139761346524,1.07,0.67,-0.02241,-40.1,stop
2020-03-11,14:30,put,runner,-0.09137285977485937,0.997,0.897,-0.00168,-10.12,close
2020-03-12,10:30,call,runner,0.13384334843948753,1.047,0.647,-0.03158,-40.1,stop
2020-03-13,11:30,put,runner,-0.1103348677192143,1.073,0.673,-0.0733,-40.1,stop
2020-03-16,10:30,call,runner,0.22719922740514664,1.092,1.638,-0.02635,54.5,trail stop
2020-03-17,11:30,call,runner,0.15912192293409821,1.075,1.075,0.02298,-0.1,trail stop
2020-03-18,10:30,call,runner,0.16612351460506003,1.089,0.689,-0.01254,-40.1,stop
2020-03-19,10:30,call,runner,0.09112514527061855,1.07,0.884,-0.00384,-18.71,close
2020-03-20,10:30,call,runner,0.11918063028407222,1.076,0.676,-0.05311,-40.1,stop
2020-03-23,11:30,put,runner,-0.08171535022644899,1.058,0.658,-0.00857,-40.1,stop
2020-03-24,10:30,call,runner,0.18742819643972153,1.08,1.525,0.02147,44.4,close
2020-03-25,10:30,put,runner,-0.08026536468710493,1.043,0.643,-0.01845,-40.1,stop
2020-03-26,10:30,call,runner,0.11917822450338234,1.086,1.54,0.02357,45.27,close
2020-03-27,10:30,put,runner,-0.1745605518019525,1.007,0.607,-0.00202,-40.1,stop
2020-03-30,10:30,call,runner,0.25551649111251873,1.053,1.435,0.0191,38.09,close
2020-04-01,12:30,put,runner,-0.08804264423457059,1.035,1.067,0.00483,3.09,close
2020-04-03,10:30,put,runner,-0.10173826316868567,1.094,1.24,0.00807,14.49,close
2020-04-06,10:30,call,runner,0.09628054187086854,1.013,1.77,0.02025,75.64,close
2020-04-14,10:30,call,runner,0.2043359739657188,1.074,1.088,0.00304,1.28,close
2020-04-15,12:30,put,runner,-0.08067327225863424,1.099,0.918,-0.00308,-18.24,close
2020-04-16,11:30,call,runner,0.08464850869157037,1.059,1.001,0.00097,-5.91,close
2020-04-17,10:30,call,runner,0.14320541467434222,0.98,1.3,0.0104,31.97,close
2020-04-21,10:30,call,runner,0.17013907035979337,1.048,0.648,-0.01391,-40.1,stop
2020-04-22,10:30,call,runner,0.29590283414935803,1.084,1.167,0.00515,8.15,close
2020-04-24,10:30,call,runner,0.11523107734666649,1.01,1.499,0.01274,48.75,close
2020-04-28,10:30,call,runner,0.10913887723355908,1.069,0.669,-0.01063,-40.1,stop
2020-04-29,10:30,call,runner,0.1765535058034151,0.999,1.076,0.00373,7.59,close
2020-05-04,10:30,call,runner,0.1841143788146059,1.028,1.323,0.00904,29.37,close
2020-05-05,10:30,call,runner,0.09222687076007496,1.003,0.743,-0.00445,-26.17,close
2020-05-07,12:30,call,runner,0.08765170976772618,1.082,0.755,-0.00608,-32.78,close
2020-05-11,10:30,put,runner,-0.15092539755147955,1.015,0.615,-0.00574,-40.1,stop
2020-05-13,12:30,call,runner,0.11270097562356263,1.049,1.054,0.00185,0.36,close
2020-05-14,12:30,call,runner,0.10361221298654377,0.99,1.68,0.01514,68.91,close
2020-05-15,12:30,put,runner,-0.08221462593496959,0.986,0.654,-0.00714,-33.29,close
2020-05-19,10:30,put,runner,-0.17397349679591673,1.022,1.547,0.01034,52.41,close
2020-05-20,10:30,call,runner,0.09525795745460752,0.956,0.811,-0.00121,-14.62,close
2020-05-21,10:30,put,runner,-0.13001723240288077,0.955,1.241,0.00676,28.45,close
2020-05-26,10:30,call,runner,0.12470939489536614,1.075,0.675,-0.00731,-40.1,stop
2020-05-28,10:30,put,runner,-0.17329050005099011,1.036,0.636,0.00493,-40.1,stop
2020-06-01,10:30,put,runner,-0.14688808113809304,1.0,0.822,-0.0019,-17.85,close
2020-06-02,10:30,put,runner,-0.12320389836632617,0.963,0.741,-0.00313,-22.32,close
2020-06-03,10:30,put,runner,-0.11394900100281302,0.973,0.696,-0.00419,-27.74,close
2020-06-04,10:30,put,runner,-0.16133649784704912,0.999,1.137,0.00397,13.74,close
2020-06-08,10:30,put,runner,-0.1882704398061832,1.081,0.681,-0.0105,-40.1,stop
2020-06-09,10:30,put,runner,-0.13584455564632442,1.053,0.653,-0.00219,-40.1,stop
2020-06-10,11:30,put,runner,-0.08177267656764986,1.043,0.643,0.002,-40.1,stop
2020-06-12,10:30,call,runner,0.1577962332887829,1.06,0.66,-0.00591,-40.1,stop
2020-06-15,10:30,put,runner,-0.1967574416173301,1.05,0.65,-0.02347,-40.1,stop
2020-06-16,10:30,put,runner,-0.1316821757823386,1.085,1.627,0.00783,54.14,trail stop
2020-06-17,10:30,put,runner,-0.1914021595178504,1.07,0.984,0.00029,-8.64,close
2020-06-18,12:30,put,runner,-0.08938634896433811,1.044,0.924,-0.00106,-12.09,close
2020-06-23,11:30,put,runner,-0.0983912301251253,0.976,1.188,0.00627,21.13,close
2020-06-24,10:30,put,runner,-0.09264845401089522,1.072,1.609,0.01343,53.52,trail stop
2020-06-25,10:30,put,runner,-0.0893816330907653,1.067,0.667,-0.0083,-40.1,stop
2020-06-26,10:30,put,runner,-0.17758402119661004,1.088,1.493,0.00944,40.48,close
2020-06-30,10:30,put,runner,-0.17746766815059978,0.972,0.572,-0.01021,-40.1,stop
2020-07-01,10:30,put,runner,-0.13595548645392525,0.961,0.92,0.00113,-4.16,close
2020-07-07,10:30,put,runner,-0.17051524138122542,0.984,1.475,0.00963,49.04,close
2020-07-08,14:30,put,runner,-0.08450641232696093,1.072,0.758,-0.00547,-31.48,close
2020-07-09,10:30,put,runner,-0.12844938263854672,1.007,1.51,0.00238,50.24,trail stop
2020-07-10,10:30,put,runner,-0.12525310099790055,1.091,0.691,-0.00944,-40.1,stop
2020-07-13,10:30,put,runner,-0.13101269131867843,0.988,2.564,0.01962,157.52,close
2020-07-15,10:30,put,runner,-0.11106534619859182,1.07,1.07,0.00194,-0.1,trail stop
2020-07-16,10:30,put,runner,-0.11591043788035754,1.087,0.906,-0.00175,-18.2,close
2020-07-21,11:30,put,runner,-0.08493240923813178,1.055,1.276,0.0045,21.94,close
2020-07-22,10:30,put,runner,-0.09184229587525472,0.988,0.676,-0.00466,-31.36,close
2020-07-23,10:30,put,runner,-0.1279336956642126,0.96,1.663,0.01065,70.2,close
2020-07-30,10:30,put,runner,-0.08109157455060201,1.015,0.615,-0.00998,-40.1,stop
2020-08-25,13:30,put,runner,-0.0844022098078831,0.965,0.76,-0.00239,-20.68,close
2020-08-28,10:30,call,runner,0.09825222864764771,1.029,1.292,0.00482,26.15,close
2020-08-31,11:30,call,runner,0.08256910381601623,1.015,0.908,-0.0004,-10.75,close
2020-09-01,10:30,call,runner,0.12634260747902815,1.013,1.151,0.00333,13.75,close
2020-09-04,10:30,call,runner,0.15157031356207773,1.072,0.672,0.0099,-40.1,stop
2020-09-09,11:30,call,runner,0.08019327469874105,0.983,0.862,-0.00079,-12.26,close
2020-09-10,10:30,put,runner,-0.10688041085515348,0.963,2.354,0.02162,139.03,close
2020-09-11,10:30,put,runner,-0.08053402302448992,1.075,1.075,0.00411,-0.1,trail stop
2020-09-14,10:30,put,runner,-0.0934219533119724,1.045,1.265,0.0052,21.91,close
2020-09-15,10:30,put,runner,-0.14953474642962888,1.003,1.112,0.00354,10.86,close
2020-09-16,10:30,put,runner,-0.2207004041931252,1.08,1.439,0.00671,35.73,close
2020-09-17,10:30,put,runner,-0.12989139765128516,0.964,0.859,-0.00034,-10.61,close
2020-09-18,10:30,put,runner,-0.15072410654683377,1.098,1.646,0.01128,54.78,trail stop
2020-09-21,10:30,put,runner,-0.1721229308931541,1.059,0.659,-0.01333,-40.1,stop
2020-09-22,10:30,put,runner,-0.1285083507001647,1.08,0.777,-0.00471,-30.37,close
2020-09-23,10:30,put,runner,-0.18879610409047476,0.971,2.481,0.02109,150.97,close
2020-09-24,10:30,put,runner,-0.09596836697723049,1.037,0.637,-0.00267,-40.1,stop
2020-09-25,10:30,put,runner,-0.13693947712852045,0.976,0.576,-0.01422,-40.1,stop
2020-09-28,10:30,put,runner,-0.1567304323806739,1.02,0.898,-0.00063,-12.26,close
2020-09-29,10:30,put,runner,-0.1404185942190358,1.008,1.272,0.0061,26.29,close
2020-09-30,13:30,put,runner,-0.08673012522032725,1.057,1.057,0.00523,-0.1,trail stop
2020-10-01,12:30,put,runner,-0.08101452622176858,1.011,0.955,0.00033,-5.66,close
2020-10-05,10:30,put,runner,-0.08605724203274118,1.056,0.686,-0.00613,-37.15,close
2020-10-06,10:30,put,runner,-0.18428958129894818,0.992,2.134,0.01581,114.1,close
2020-10-08,10:30,put,runner,-0.15645419799782545,1.029,0.785,-0.0028,-24.48,close
2020-10-09,13:30,put,runner,-0.08390045577117983,1.099,0.972,-0.00095,-12.78,close
2020-10-12,13:30,put,runner,-0.10386636712056091,1.086,1.255,0.00306,16.74,close
2020-10-13,10:30,put,runner,-0.13079926347138277,1.094,1.251,0.00342,15.55,close
2020-10-14,12:30,call,runner,0.09888009057378788,0.955,0.898,0.00026,-5.77,close
2020-10-27,10:30,call,runner,0.1457504724867582,1.011,0.884,-0.00065,-12.81,close
2020-10-29,10:30,call,runner,0.17008983935421373,1.009,0.989,0.00264,-2.03,close
2020-11-02,10:30,call,runner,0.08529857168696431,1.076,0.676,-0.00413,-40.1,stop
2020-11-05,10:30,put,runner,-0.17630799343689263,0.962,0.952,0.00185,-1.15,close
2020-11-06,10:30,put,runner,-0.11084730195505982,1.051,0.905,-0.00109,-14.71,close
2020-11-10,10:30,put,runner,-0.14602533958227198,1.048,0.648,-0.00448,-40.1,stop
2020-11-11,11:30,put,runner,-0.08045120185474397,1.028,0.947,3e-05,-8.15,close
2020-11-12,10:30,put,runner,-0.14392641327462175,0.97,1.259,0.00583,28.76,close
2020-11-13,13:30,put,runner,-0.09121553110610897,1.019,0.782,-0.00329,-23.81,close
2020-11-16,10:30,put,runner,-0.19219855603056474,1.048,0.811,-0.00257,-23.77,close
2020-11-17,10:30,put,runner,-0.2040808004290144,0.983,0.583,-0.00323,-40.1,stop
2020-11-19,13:30,put,runner,-0.0806926929955814,0.99,0.67,-0.00451,-32.02,close
2020-11-20,11:30,put,runner,-0.09021793027653408,0.979,1.309,0.00551,32.83,close
2020-11-23,10:30,put,runner,-0.08132892874891462,1.054,0.654,-0.00388,-40.1,stop
2020-11-25,10:30,put,runner,-0.14852953427738086,0.92,0.736,-0.00171,-18.49,close
2020-11-30,10:30,put,runner,-0.09676926701665928,1.068,0.844,-0.00219,-22.56,close
2020-12-01,14:30,put,runner,-0.08070307713416597,1.063,1.271,0.00349,20.69,close
2020-12-02,10:30,put,runner,-0.14035205859895294,1.049,0.781,-0.00301,-26.94,close
2020-12-03,10:30,put,runner,-0.08244332695119033,0.982,1.065,0.00245,8.28,close
2020-12-07,10:30,put,runner,-0.13823038430553386,0.982,0.95,0.00079,-3.27,close
2020-12-08,11:30,put,runner,-0.08279202596693919,0.964,0.782,-0.00173,-18.31,close
2020-12-09,10:30,put,runner,-0.10459218407074056,1.076,1.614,0.00932,53.7,trail stop
2020-12-16,10:30,put,runner,-0.22482328261036805,0.988,0.877,-0.00041,-11.14,close
2020-12-24,13:30,put,runner,-0.09807112375094457,1.009,0.929,-0.00027,-8.13,close
2021-02-02,10:30,put,runner,-0.13774575895042068,1.044,0.947,-5e-05,-9.84,close
2021-02-03,10:30,put,runner,-0.10236910996621745,0.982,0.582,-0.00288,-40.1,stop
2021-02-04,10:30,put,runner,-0.08907260841800896,1.067,0.667,-0.00628,-40.1,stop
2021-02-09,12:30,put,runner,-0.09444940226257742,0.985,0.964,0.00063,-2.22,close
2021-02-10,14:30,put,runner,-0.08300935364243539,1.046,1.049,0.00074,0.25,close
2021-02-12,11:30,put,runner,-0.08713770601424836,0.911,0.628,-0.00348,-28.36,close
2021-02-16,10:30,put,runner,-0.1025736054680696,0.963,1.254,0.00431,29.02,close
2021-03-01,11:30,put,runner,-0.09565370261128231,1.023,0.847,-0.00183,-17.69,close
2021-03-02,10:30,put,runner,-0.15076028285650728,1.075,1.148,0.00255,7.2,close
2021-03-04,10:30,put,runner,-0.08307569625324301,1.052,0.652,0.00939,-40.1,stop
2021-03-08,10:30,put,runner,-0.14866703670057818,1.042,1.827,0.0128,78.41,close
2021-03-09,12:30,put,runner,-0.093826646282689,1.076,1.404,0.00624,32.72,close
2021-03-10,10:30,put,runner,-0.1506958045050571,1.043,0.643,-0.00263,-40.1,stop
2021-03-11,14:30,put,runner,-0.08201006548978096,0.964,1.157,0.0037,19.2,close
2021-03-12,10:30,put,runner,-0.08331178949141,0.943,0.543,-0.0061,-40.1,stop
2021-03-15,13:30,put,runner,-0.08186128073487964,0.92,0.52,-0.00586,-40.1,stop
2021-03-17,10:30,put,runner,-0.10109564331433435,0.976,0.576,-0.00628,-40.1,stop
2021-03-23,13:30,put,runner,-0.08558267087423477,0.917,1.663,0.00886,74.45,close
2021-03-25,13:30,put,runner,-0.08143948113102067,0.987,0.587,-0.00474,-40.1,stop
2021-03-29,10:30,put,runner,-0.10594409410614647,1.005,0.605,-0.00679,-40.1,stop
2021-04-05,10:30,put,runner,-0.09259406904499717,1.028,0.746,-0.00247,-28.33,close
2021-04-06,12:30,put,runner,-0.08541782798403669,1.052,1.16,0.00202,10.7,close
2021-04-16,14:30,put,runner,-0.0859405227170697,1.039,0.936,-0.00056,-10.38,close
2021-04-20,11:30,call,runner,0.0816101635733778,1.092,1.161,0.00163,6.78,close
2021-04-26,14:30,put,runner,-0.0926080289689723,0.913,0.914,0.00067,0.02,close
2021-04-28,13:30,put,runner,-0.08388017944547344,0.922,0.952,0.00108,2.9,close
2021-05-10,11:30,put,runner,-0.08314979750637785,1.096,2.277,0.01002,117.97,close
2021-05-12,10:30,put,runner,-0.08355022600124168,1.07,1.975,0.01201,90.38,close
2021-05-13,10:30,put,runner,-0.09210450893110428,1.026,1.056,0.00241,2.87,close
2021-05-14,10:30,put,runner,-0.13836982104847223,0.987,0.587,-0.00512,-40.1,stop
2021-05-17,10:30,put,runner,-0.11724537751167347,1.022,0.748,-0.0029,-27.51,close
2021-05-18,11:30,put,runner,-0.08166619591761642,0.944,1.61,0.00852,66.5,close
2021-05-19,10:30,put,runner,-0.08600660596657123,1.044,0.644,-0.00971,-40.1,stop
2021-05-20,10:30,put,runner,-0.13895489724603033,1.038,0.638,-0.00384,-40.1,stop
2021-05-21,10:30,put,runner,-0.1167838588552445,0.948,1.199,0.00441,25.01,close
2021-05-25,11:30,put,runner,-0.08776028665975483,1.005,0.99,0.00068,-1.61,close
2021-05-26,13:30,put,runner,-0.08119374570261578,0.987,0.965,0.00048,-2.25,close
2021-05-27,11:30,put,runner,-0.08229326202287829,0.926,0.96,0.00126,3.25,close
2021-05-28,10:30,put,runner,-0.10469963657223263,1.077,1.007,0.0001,-7.1,close
2021-06-07,14:30,put,runner,-0.08490733725740568,1.042,0.838,-0.00171,-20.5,close
2021-06-21,14:30,put,runner,-0.10363307752102846,1.072,0.974,-0.00062,-9.89,close
2021-06-22,10:30,put,runner,-0.14367857544165957,1.03,0.63,-0.00421,-40.1,stop
2021-07-21,12:30,put,runner,-0.08276931915924401,1.012,0.793,-0.00217,-22.01,close
2021-07-22,11:30,put,runner,-0.08189806656462917,1.022,0.797,-0.00184,-22.62,close
2021-07-26,13:30,put,runner,-0.0853517037703182,1.033,0.865,-0.00124,-16.94,close
2021-07-28,14:30,put,runner,-0.08543611346527341,1.045,1.039,0.00061,-0.77,close
2021-09-14,10:30,put,runner,-0.08513635351224408,1.099,1.292,0.00371,19.26,close
2021-09-15,14:30,put,runner,-0.08522914224556682,1.02,0.884,-0.00118,-13.76,close
2021-09-16,14:30,put,runner,-0.08155427884444938,1.001,0.896,-0.00065,-10.59,close
2021-09-22,10:30,put,runner,-0.13574034639211602,1.067,0.913,-0.00101,-15.55,close
2021-09-23,10:30,put,runner,-0.0823091020215389,1.067,1.009,0.00043,-5.86,close
2021-09-24,11:30,put,runner,-0.08833266424459357,0.928,0.628,-0.00366,-30.09,close
2021-09-27,10:30,put,runner,-0.12324391792042783,0.992,1.139,0.00259,14.64,close
2021-10-06,13:30,put,runner,-0.09045968184056202,0.985,0.585,-0.00849,-40.1,stop
2021-10-14,14:30,put,runner,-0.09450981851252888,0.934,0.884,7e-05,-5.07,close
2021-10-15,11:30,put,runner,-0.0879322004240724,1.013,0.822,-0.00142,-19.2,close
2021-10-21,11:30,call,runner,0.08454026844784535,0.9,1.324,0.00481,42.22,close
2021-10-22,11:30,call,runner,0.08930304336897077,0.91,0.989,0.00155,7.79,close
2021-11-02,10:30,call,runner,0.08160239711332629,1.068,1.109,0.00141,3.97,close
2021-11-05,10:30,call,runner,0.15311865375161526,0.908,0.508,-0.00315,-40.1,stop
2021-12-07,10:30,put,runner,-0.13648008537558265,1.012,0.833,-0.00153,-17.98,close
2021-12-08,10:30,put,runner,-0.0984995965826318,1.025,0.675,-0.00445,-35.08,close
2021-12-10,14:30,put,runner,-0.08327328233923048,0.973,0.749,-0.00277,-22.5,close
2021-12-15,10:30,put,runner,-0.13205090164168587,1.077,0.677,-0.0187,-40.1,stop
2021-12-16,10:30,put,runner,-0.10338497680342396,0.925,2.096,0.01151,117.04,close
2021-12-21,14:30,put,runner,-0.10908475718978866,1.011,0.848,-0.00173,-16.36,close
2021-12-22,14:30,put,runner,-0.08476232115006155,1.057,0.687,-0.0049,-37.13,close
2021-12-27,14:30,put,runner,-0.08021653170107662,0.944,0.78,-0.00141,-16.54,close
2022-01-19,13:30,put,runner,-0.08671300878463567,0.999,1.757,0.01118,75.72,close
2022-01-20,13:30,put,runner,-0.08115840609083441,1.027,2.83,0.01955,180.19,close
2022-02-04,10:30,call,runner,0.13135623609725888,0.999,1.498,0.00594,49.85,trail stop
2022-02-10,13:30,put,runner,-0.08722196584053538,0.986,1.292,0.00471,30.5,close
2022-02-14,10:30,call,runner,0.09214280812044562,1.095,0.695,0.0003,-40.1,stop
2022-02-15,10:30,call,runner,0.09199863244375994,0.994,1.026,0.00247,3.14,close
2022-02-17,10:30,call,runner,0.09332789304615163,0.975,0.575,-0.00659,-40.1,stop
2022-02-18,10:30,call,runner,0.11843514804579569,1.013,0.613,-0.00595,-40.1,stop
2022-02-22,10:30,call,runner,0.10684426340000353,1.045,0.645,-0.0133,-40.1,stop
2022-02-23,12:30,call,runner,0.08283255072579443,1.069,0.669,-0.01893,-40.1,stop
2022-02-24,11:30,call,runner,0.08971883314350382,1.023,2.51,0.0254,148.63,close
2022-03-02,11:30,call,runner,0.11353660730941206,1.044,1.059,0.00252,1.42,close
2022-03-04,10:30,call,runner,0.10480779530630513,1.011,1.197,0.00565,18.58,close
2022-03-08,10:30,call,runner,0.1007932161418229,1.1,1.649,-0.00014,54.88,trail stop
2022-03-09,10:30,call,runner,0.11242793170033472,1.089,1.164,0.00388,7.4,close
2022-03-10,11:30,put,runner,-0.08077394865284998,0.994,0.594,-0.01119,-40.1,stop
2022-03-15,10:30,call,runner,0.09510585918034498,1.005,1.418,0.01048,41.15,close
2022-03-31,10:30,call,runner,0.10044670022295887,0.957,0.557,-0.01214,-40.1,stop
2022-04-01,10:30,call,runner,0.11986036579065429,1.009,1.241,0.00401,23.1,close
2022-04-06,10:30,call,runner,0.08573131357939745,1.012,1.012,0.0036,-0.1,trail stop
2022-04-20,14:30,put,runner,-0.08402993084725435,1.012,1.066,0.00162,5.39,close
2022-04-25,14:30,call,runner,0.08216944037285223,1.0,1.315,0.00693,31.42,close
2022-04-26,13:30,put,runner,-0.08193728590164467,1.015,1.349,0.00718,33.31,close
2022-04-27,11:30,call,runner,0.08902473470118799,1.023,0.695,-0.0061,-32.9,close
2022-04-28,13:30,call,runner,0.10117427025430514,1.063,1.094,0.00216,3.08,close
2022-05-02,10:30,call,runner,0.0935327880614173,1.047,0.647,0.00014,-40.1,stop
2022-05-04,10:30,put,runner,-0.11047848219198153,1.074,0.674,-0.03289,-40.1,stop
2022-05-06,10:30,call,runner,0.1913183205204637,1.026,1.026,0.00462,-0.1,trail stop
2022-05-10,10:30,call,runner,0.08668199865807036,1.088,0.688,-0.00855,-40.1,stop
2022-05-11,13:30,put,runner,-0.12410903847744859,1.077,1.361,0.00715,28.35,close
2022-05-12,10:30,call,runner,0.09451142647391164,1.01,0.61,0.00094,-40.1,stop
2022-05-13,10:30,call,runner,0.09762353949826919,1.022,0.622,0.0018,-40.1,stop
2022-05-17,12:30,call,runner,0.08277444744731877,0.997,1.252,0.0059,25.41,close
2022-05-19,10:30,call,runner,0.139637643765823,0.992,0.992,-0.00044,-0.1,trail stop
2022-05-20,10:30,call,runner,0.08347428791119693,1.009,0.609,-0.00378,-40.1,stop
2022-05-23,11:30,call,runner,0.09608982961212631,0.998,1.036,0.0025,3.76,close
2022-05-31,12:30,call,runner,0.08037068081120269,1.092,0.82,-0.00346,-27.35,close
2022-06-01,14:30,call,runner,0.081258901665615,0.983,0.684,-0.005,-30.04,close
2022-06-02,10:30,call,runner,0.12230009210544623,1.044,3.106,0.02307,206.07,close
2022-06-06,10:30,call,runner,0.16239124479327505,1.033,0.633,-0.01,-40.1,stop
2022-06-07,10:30,call,runner,0.13623017673874283,0.976,1.571,0.01053,59.45,close
2022-06-08,10:30,call,runner,0.086050619259738,1.08,0.68,-0.0075,-40.1,stop
2022-06-09,10:30,call,runner,0.14969757335049938,1.049,0.649,-0.0225,-40.1,stop
2022-06-10,10:30,call,runner,0.10286579748428859,1.004,1.004,-0.00132,-0.1,trail stop
2022-06-13,12:30,call,runner,0.09780191215346734,1.05,0.65,-0.01061,-40.1,stop
2022-06-14,11:30,call,runner,0.08073257530592248,1.009,0.609,-0.00086,-40.1,stop
2022-06-16,12:30,put,runner,-0.08434062203111603,1.059,1.067,0.00193,0.66,close
2022-06-17,11:30,call,runner,0.10641494852772204,1.051,0.889,-0.00169,-16.36,close
2022-06-21,10:30,call,runner,0.13507789734116105,1.099,0.989,-0.00013,-11.04,close
2022-06-27,12:30,put,runner,-0.0849075142179157,1.039,1.03,0.00128,-0.94,close
2022-07-05,11:30,put,runner,-0.10279338281171768,1.088,0.688,-0.02194,-40.1,stop
2022-07-07,10:30,call,runner,0.10142088261348059,0.964,1.176,0.00535,21.12,close
2022-07-08,10:30,call,runner,0.08789393404469137,1.046,0.888,-0.00111,-15.9,close
2022-07-11,10:30,call,runner,0.08024577495526675,0.978,0.883,-3e-05,-9.6,close
2022-07-12,10:30,call,runner,0.13180339075829006,1.01,0.61,-0.00546,-40.1,stop
2022-07-14,11:30,call,runner,0.09843446896766594,0.977,1.524,0.01008,54.64,close
2022-07-15,10:30,call,runner,0.12137634489403282,1.072,1.113,0.00234,3.99,close
2022-07-18,10:30,call,runner,0.09980691580126999,0.968,0.568,-0.01488,-40.1,stop
2022-07-19,10:30,call,runner,0.12956807830587713,1.07,1.748,0.0108,67.73,close
2022-07-21,10:30,call,runner,0.09200096363117427,0.967,2.181,0.01709,121.26,close
2022-07-22,10:30,call,runner,0.09188867750444762,0.989,0.589,-0.00848,-40.1,stop
2022-07-25,10:30,call,runner,0.1404391289811202,1.084,1.14,0.00236,5.52,close
2022-07-26,10:30,call,runner,0.1323540306354214,1.098,0.698,-0.00413,-40.1,stop
2022-07-27,10:30,call,runner,0.11179731056596531,0.973,1.861,0.01334,88.7,close
2022-08-02,10:30,call,runner,0.09665118777059156,1.096,1.096,-0.00249,-0.1,trail stop
2022-08-03,10:30,call,runner,0.15183670873892519,1.051,1.432,0.00668,37.96,close
2022-08-05,10:30,call,runner,0.14799805063712546,1.009,0.609,0.0,-40.1,stop
2022-08-08,10:30,call,runner,0.09580594085126115,1.1,0.7,-0.00893,-40.1,stop
2022-08-09,10:30,call,runner,0.100753718297514,1.086,0.93,-0.0009,-15.72,close
2022-08-12,10:30,call,runner,0.08787953715568886,1.017,1.984,0.01072,96.6,close
2022-08-26,10:30,put,runner,-0.08280983572756467,1.07,3.74,0.02309,266.83,close
2022-08-31,11:30,put,runner,-0.09216094221855725,0.984,1.283,0.00604,29.73,close
2022-09-06,12:30,put,runner,-0.08137640928005413,1.011,0.989,0.00087,-2.3,close
2022-09-08,12:30,put,runner,-0.09171721860913856,1.03,0.63,-0.01065,-40.1,stop
2022-09-13,10:30,put,runner,-0.10398280618650113,1.038,2.37,0.01742,133.04,close
2022-09-20,13:30,put,runner,-0.11771792433761386,0.986,0.74,-0.00399,-24.63,close
2022-09-27,10:30,call,runner,0.14683773231481456,1.077,0.677,-0.0093,-40.1,stop
2022-10-03,10:30,call,runner,0.1516171777836628,1.074,1.284,0.00609,20.85,close
2022-10-04,10:30,call,runner,0.09394589586387625,0.993,1.146,0.00495,15.14,close
2022-10-10,10:30,call,runner,0.09297813956726808,1.023,0.623,-0.00673,-40.1,stop
2022-10-11,12:30,call,runner,0.10505676285045251,0.995,0.595,-0.00974,-40.1,stop
2022-10-13,11:30,call,runner,0.15639960108728002,1.01,1.779,0.01574,76.81,close
2022-10-17,10:30,call,runner,0.2007370786573781,1.1,1.009,0.00022,-9.21,close
2022-10-18,10:30,call,runner,0.09034748440838547,1.099,0.699,-0.00223,-40.1,stop
2022-10-19,10:30,call,runner,0.10167446466964591,1.071,0.671,-0.00815,-40.1,stop
2022-10-20,10:30,call,runner,0.17317838182855894,0.999,0.599,-0.01816,-40.1,stop
2022-10-21,10:30,call,runner,0.13818799456995523,0.984,2.221,0.01884,123.61,close
2022-10-24,12:30,call,runner,0.09127161745331025,1.058,1.083,0.00204,2.47,close
2022-10-25,10:30,call,runner,0.10780996888938432,1.069,1.251,0.00546,18.13,close
2022-10-26,11:30,call,runner,0.09571335381743129,1.007,0.607,-0.01232,-40.1,stop
2022-10-27,10:30,call,runner,0.11277901180857985,1.069,0.669,-0.01191,-40.1,stop
2022-10-28,10:30,call,runner,0.16369575501034772,1.023,1.726,0.013,70.2,close
2022-11-02,14:30,call,runner,0.11112629357058457,1.034,0.634,-0.03354,-40.1,stop
2022-11-03,10:30,call,runner,0.08906302653034492,1.096,0.793,-0.00432,-30.43,close
2022-11-04,10:30,call,runner,0.1733733042147083,1.061,0.661,-0.00352,-40.1,stop
2022-11-10,10:30,call,runner,0.1466038437322672,0.996,1.661,0.01252,66.43,close
2022-11-15,10:30,call,runner,0.105216421818625,0.998,0.598,-0.00756,-40.1,stop
2022-11-23,13:30,put,runner,-0.08512461359460788,0.99,0.672,-0.00432,-31.88,close
2022-11-30,14:30,call,runner,0.1156323855941992,0.95,1.814,0.01087,86.28,close
2022-12-15,13:30,put,runner,-0.09006334815743233,0.969,0.72,-0.0033,-25.0,close
2022-12-16,13:30,put,runner,-0.0887645709205706,0.988,0.588,-0.00559,-40.1,stop
2022-12-22,10:30,put,runner,-0.14398882654350575,1.027,1.541,-0.00336,51.26,trail stop
2022-12-27,13:30,put,runner,-0.08236422882098882,1.03,1.081,0.00152,5.01,close
2022-12-29,10:30,call,runner,0.08205010472412355,0.943,1.032,0.0028,8.84,close
2023-01-05,11:30,put,runner,-0.08828961193129031,1.041,0.941,-0.00029,-10.05,close
2023-01-06,10:30,call,runner,0.09041742591884183,1.075,2.015,0.01332,93.87,close
2023-01-18,11:30,call,runner,0.09056581533532526,0.922,0.522,-0.00966,-40.1,stop
2023-01-20,11:30,call,runner,0.08816442284996673,0.946,1.644,0.00887,69.78,close
2023-01-23,10:30,call,runner,0.08035482921411541,1.048,1.048,0.00339,-0.1,trail stop
2023-02-01,12:30,put,runner,-0.0861161691432642,0.961,0.561,-0.01615,-40.1,stop
2023-02-24,13:30,put,runner,-0.08457537817823235,0.92,0.669,-0.00319,-25.14,close
2023-03-06,13:30,put,runner,-0.08258211308869023,1.083,1.251,0.00286,16.78,close
2023-03-07,10:30,put,runner,-0.08391569037238639,1.052,1.698,0.00854,64.55,close
2023-03-16,13:30,call,runner,0.08500835187451872,1.084,1.139,0.00233,5.4,close
2023-03-17,10:30,put,runner,-0.08697705280830076,1.04,1.115,0.00281,7.38,close
2023-03-23,10:30,call,runner,0.08830107798139875,1.063,0.663,-0.00902,-40.1,stop
2023-03-29,10:30,call,runner,0.08447566848429489,0.978,1.264,0.00463,28.54,close
2023-04-11,10:30,call,runner,0.08617484707191125,1.004,0.862,-0.00073,-14.34,close
2023-05-03,10:30,put,runner,-0.08211526347562792,1.023,0.623,0.00836,-40.1,stop
2023-05-10,13:30,put,runner,-0.08074200639534251,1.073,0.673,-0.00874,-40.1,stop
2023-05-12,12:30,put,runner,-0.08536701233675142,1.016,0.669,-0.00371,-34.77,close
2023-06-02,10:30,call,runner,0.09641743081061405,0.914,1.398,0.00564,48.26,close
2023-07-26,11:30,put,runner,-0.08669625345162685,1.041,0.641,-0.00253,-40.1,stop
2023-07-28,10:30,call,runner,0.08605091158813838,0.91,0.929,0.00113,1.83,close
2023-08-08,11:30,put,runner,-0.08752443600071497,0.92,0.52,-0.00575,-40.1,stop
2023-08-15,13:30,put,runner,-0.08243405735093523,0.961,1.233,0.00355,27.13,close
2023-08-16,11:30,put,runner,-0.08521208387097728,1.086,1.945,0.00874,85.77,close
2023-08-17,11:30,put,runner,-0.08277479838794277,1.078,1.709,0.00699,63.02,close
2023-08-21,10:30,put,runner,-0.0998971194077149,0.932,0.532,-0.00616,-40.1,stop
2023-08-22,13:30,put,runner,-0.08159233204827604,0.923,0.883,0.0003,-4.1,close
2023-08-24,10:30,put,runner,-0.10222026169643178,1.062,2.505,0.01185,144.24,close
2023-08-28,11:30,put,runner,-0.08255874854561568,1.089,0.689,-0.00285,-40.1,stop
2023-08-29,11:30,put,runner,-0.08329849810792872,0.906,0.506,-0.0051,-40.1,stop
2023-09-20,10:30,put,runner,-0.11858707076224073,1.034,2.508,0.01176,147.28,close
2023-09-22,10:30,put,runner,-0.11867430741721291,1.1,1.493,0.00551,39.27,close
2023-09-26,14:30,put,runner,-0.08143621928297051,1.046,1.001,0.00016,-4.51,close
2023-09-27,10:30,put,runner,-0.08417321901622299,0.958,0.958,0.00187,-0.1,trail stop
2023-10-02,11:30,put,runner,-0.0815006549021286,1.084,1.199,0.00226,11.37,close
2023-10-05,11:30,put,runner,-0.09249758808817482,0.953,0.553,-0.00583,-40.1,stop
2023-10-06,12:30,call,runner,0.1178448121339104,1.077,1.242,0.00294,16.44,close
2023-11-01,11:30,put,runner,-0.08899309247081494,0.949,0.549,-0.00549,-40.1,stop
2023-11-28,10:30,call,runner,0.09071020414809705,0.915,0.915,0.00185,-0.1,trail stop
2023-12-01,11:30,call,runner,0.08951921487818104,0.986,1.296,0.00344,30.92,close
2023-12-13,12:30,put,runner,-0.0800194166045175,0.954,0.554,-0.01273,-40.1,stop
2024-01-05,10:30,call,runner,0.10493968300665746,1.049,0.649,-0.00322,-40.1,stop
2024-01-11,10:30,put,runner,-0.10082411159749671,1.039,1.039,-0.00282,-0.1,trail stop
2024-01-17,13:30,put,runner,-0.09352865970870389,0.918,0.608,-0.00338,-31.18,close
2024-01-31,10:30,put,runner,-0.1324244047150122,1.039,2.05,0.00901,100.98,close
2024-02-07,14:30,call,runner,0.10777251579189395,1.084,1.048,0.00018,-3.71,close
2024-02-13,10:30,put,runner,-0.11673985889305188,1.018,1.082,0.00153,6.31,close
2024-02-14,10:30,call,runner,0.14369677386415003,0.965,0.565,0.00182,-40.1,stop
2024-02-16,14:30,put,runner,-0.08307283903546098,1.068,1.839,0.00623,77.07,close
2024-02-23,14:30,call,runner,0.09952055372058444,0.931,0.872,-4e-05,-5.98,close
2024-03-05,13:30,put,runner,-0.10602039015153825,1.005,1.005,0.0011,-0.1,trail stop
2024-03-06,10:30,call,runner,0.1002052360906116,1.071,1.071,0.0009,-0.1,trail stop
2024-03-07,10:30,call,runner,0.12074943684917283,0.94,0.966,0.00132,2.51,close
2024-03-11,13:30,call,runner,0.08756973703365589,0.994,0.931,2e-05,-6.48,close
2024-03-12,10:30,call,runner,0.13056865438064102,1.009,1.247,0.0034,23.65,close
2024-03-14,12:30,put,runner,-0.1036447263949784,0.977,0.977,-0.00045,-0.1,trail stop
2024-03-15,12:30,put,runner,-0.12438629026110776,1.056,0.889,-0.00116,-16.83,close
2024-03-18,10:30,call,runner,0.11753247075399631,0.985,0.585,-0.00448,-40.1,stop
2024-03-27,11:30,call,runner,0.08816298313073101,0.956,1.804,0.00666,84.62,close
2024-04-02,10:30,put,runner,-0.10280093912643984,0.917,0.594,-0.00325,-32.31,close
2024-04-04,14:30,put,runner,-0.1060696617121667,0.949,2.012,0.00956,106.21,close
2024-04-09,10:30,put,runner,-0.08317937071564996,0.931,0.931,-0.0033,-0.1,trail stop
2024-04-10,10:30,put,runner,-0.1074523583883803,1.068,1.07,0.00099,0.11,close
2024-04-11,10:30,put,runner,-0.11053267344598844,1.07,0.67,-0.01069,-40.1,stop
2024-04-12,10:30,put,runner,-0.26199119754438377,0.945,1.355,0.00582,40.93,close
2024-04-15,10:30,put,runner,-0.10787416199640848,0.953,2.73,0.01576,177.55,close
2024-04-17,11:30,put,runner,-0.11291819142883514,1.078,1.25,0.00317,17.13,close
2024-04-18,14:30,put,runner,-0.11715460566622127,0.963,0.914,0.0001,-5.01,close
2024-04-24,10:30,put,runner,-0.09281879316700054,0.957,0.957,0.00152,-0.1,trail stop
2024-04-25,10:30,put,runner,-0.1761646042896297,1.012,0.612,-0.00767,-40.1,stop
2024-04-30,10:30,put,runner,-0.08978660893880569,1.066,2.641,0.01235,157.41,close
2024-05-01,10:30,put,runner,-0.15906655291089872,1.027,0.627,0.0011,-40.1,stop
2024-05-22,14:30,call,runner,0.10139024790382845,1.071,1.562,0.00379,48.97,close
2024-05-23,10:30,call,runner,0.0994327143373469,0.922,0.522,-0.0085,-40.1,stop
2024-07-25,10:30,put,runner,-0.08673209578713265,1.092,0.692,0.00414,-40.1,stop
2024-07-31,10:30,put,runner,-0.1039968394268388,1.002,0.602,-0.00024,-40.1,stop
2024-08-01,14:30,put,runner,-0.08844141424396196,1.029,0.629,-0.00518,-40.1,stop
2024-08-05,10:30,put,runner,-0.2110127148392939,1.097,0.697,-0.00515,-40.1,stop
2024-08-14,14:30,put,runner,-0.08658545565386083,1.004,0.886,-0.00079,-11.98,close
2024-08-20,14:30,put,runner,-0.083979739496987,1.098,1.178,0.00138,7.98,close
2024-09-10,11:30,put,runner,-0.08030253916971375,1.041,1.041,-0.00199,-0.1,trail stop
2024-09-18,14:30,put,runner,-0.08329819379344777,1.029,1.029,0.00811,-0.1,trail stop
2024-09-20,11:30,put,runner,-0.08431923378075251,0.951,0.551,-0.00375,-40.1,stop
2024-10-10,14:30,put,runner,-0.08133840740143428,1.001,0.844,-0.00128,-15.78,close
2024-11-07,10:30,put,runner,-0.08270493826425557,1.094,0.694,-0.00215,-40.1,stop
2024-11-12,13:30,call,runner,0.08165902065064423,0.943,1.053,0.00178,10.87,close
2024-11-20,14:30,put,runner,-0.08270174161201477,0.945,0.545,-0.0066,-40.1,stop
2024-12-06,10:30,call,runner,0.08766722742068744,0.972,0.719,-0.00163,-25.42,close
2024-12-18,10:30,put,runner,-0.10723329246414498,1.037,10.266,0.03152,922.87,close
2024-12-23,10:30,put,runner,-0.11092245975317522,1.099,0.699,-0.0093,-40.1,stop
2024-12-27,12:30,put,runner,-0.0830396410288709,0.964,0.564,-0.00546,-40.1,stop
2024-12-30,10:30,put,runner,-0.122773399797316,0.977,0.577,-0.00599,-40.1,stop
2024-12-31,13:30,put,runner,-0.08294478393816535,0.99,0.791,-0.0017,-19.93,close
2025-01-16,14:30,put,runner,-0.08374195175393656,1.013,1.088,0.0013,7.48,close
2025-01-27,10:30,put,runner,-0.08896963156597543,1.011,0.862,-0.0007,-15.02,close
2025-01-29,10:30,put,runner,-0.11363415976416641,0.967,0.967,0.00201,-0.1,trail stop
2025-02-24,13:30,put,runner,-0.08603895549456864,0.983,1.636,0.00698,65.19,close
2025-02-27,14:30,put,runner,-0.09770882073651516,0.999,1.871,0.00972,87.06,close
2025-02-28,11:30,put,runner,-0.08995367810493654,1.069,0.669,-0.01365,-40.1,stop
2025-03-03,13:30,put,runner,-0.08622929263145918,1.046,1.6,0.00705,55.24,close
2025-03-10,12:30,put,runner,-0.08704268111245789,1.03,1.545,0.00537,51.39,trail stop
2025-03-13,12:30,put,runner,-0.08030546143016742,1.074,1.108,0.00194,3.36,close
2025-03-24,10:30,call,runner,0.11716227022346515,1.013,1.04,0.00152,2.59,close
2025-03-28,12:30,put,runner,-0.0806088167871406,1.08,1.125,0.00184,4.4,close
2025-04-02,11:30,call,runner,0.08340802163339622,1.034,1.091,0.00236,5.56,close
2025-04-03,10:30,put,runner,-0.0831172865736669,1.036,1.491,0.00994,45.4,close
2025-04-04,10:30,put,runner,-0.0995918576205459,1.094,0.694,0.02082,-40.1,stop
2025-04-07,10:30,call,runner,0.12163774281146589,1.083,1.083,0.01275,-0.1,trail stop
2025-04-08,10:30,call,runner,0.15573392300731526,1.058,0.658,-0.05086,-40.1,stop
2025-04-09,12:30,call,runner,0.0853358934441425,1.071,7.239,0.08744,616.75,close
2025-04-10,10:30,put,runner,-0.25932600155928975,1.029,1.544,0.00646,51.36,trail stop
2025-04-11,14:30,call,runner,0.10371062318887703,1.085,1.072,0.0015,-1.42,close
2025-04-14,10:30,call,runner,0.1183164468462925,1.036,0.636,-0.00583,-40.1,stop
2025-04-21,11:30,put,runner,-0.09380382640244678,1.032,0.862,-0.00168,-17.04,close
2025-04-22,10:30,call,runner,0.14055478348660244,1.077,1.077,0.00746,-0.1,trail stop
2025-04-23,10:30,call,runner,0.09763938384481696,1.056,0.656,-0.01552,-40.1,stop
2025-04-29,13:30,call,runner,0.10033166139244798,1.089,1.196,0.0027,10.55,close
2025-05-01,10:30,call,runner,0.09142817900123845,1.06,0.66,-0.00639,-40.1,stop
2025-05-02,10:30,call,runner,0.12031348429206057,1.06,0.991,0.00057,-6.98,close
2025-05-08,11:30,call,runner,0.0977186855201051,1.009,1.009,-0.00233,-0.1,trail stop
2025-05-12,10:30,call,runner,0.10729713084932235,1.073,1.769,0.00789,69.53,close
2025-05-27,13:30,call,runner,0.09571368752008469,0.997,1.05,0.00147,5.12,close
2025-06-02,14:30,call,runner,0.08460729424530111,0.999,1.107,0.00189,10.73,close
2025-06-06,10:30,call,runner,0.09273072406981797,1.021,0.907,-0.0002,-11.5,close
2025-06-11,14:30,put,runner,-0.08866146045667267,1.042,0.888,-0.00113,-15.54,close
2025-06-17,13:30,put,runner,-0.08465994434918761,1.072,1.192,0.00237,11.88,close
2025-06-18,10:30,put,runner,-0.10950180277093519,0.994,1.346,0.00553,35.08,close
2025-09-17,10:30,put,runner,-0.08038909505677405,1.001,1.001,-2e-05,-0.1,trail stop
2025-10-10,12:30,put,runner,-0.1143307096784209,1.094,2.643,0.0128,154.82,close
2025-10-29,10:30,put,runner,-0.08558823570319635,1.072,1.216,0.00244,14.32,close
2025-11-07,11:30,put,runner,-0.08478588881620991,0.985,0.585,-0.01222,-40.1,stop
2025-11-17,14:30,put,runner,-0.09364847176774688,1.045,0.999,0.00021,-4.74,close
2025-11-20,12:30,put,runner,-0.08619582562685552,1.003,1.588,0.00914,58.38,close
2025-12-10,10:30,put,runner,-0.10175490003422533,1.006,0.606,-0.00654,-40.1,stop
2026-01-09,10:30,call,runner,0.0844355160075404,0.97,1.013,0.00124,4.18,close
2026-01-20,14:30,put,runner,-0.08766596002015797,0.965,0.963,0.00063,-0.33,close
2026-01-28,10:30,put,runner,-0.10034632834339713,1.032,1.088,0.00156,5.53,close
2026-02-03,13:30,put,runner,-0.08192734560031917,1.029,0.629,-0.00451,-40.1,stop
2026-02-04,12:30,put,runner,-0.08558108297933709,1.013,0.613,-0.00354,-40.1,stop
2026-02-19,14:30,put,runner,-0.08592246885921212,1.061,0.87,-0.00184,-19.24,close
2026-03-03,10:30,put,runner,-0.0851446742012994,1.015,0.615,-0.01557,-40.1,stop
2026-03-05,12:30,put,runner,-0.08324016153434555,1.044,0.72,-0.00432,-32.51,close
2026-03-11,14:30,put,runner,-0.08121132913921836,1.016,0.865,-0.00157,-15.3,close
2026-03-16,10:30,call,runner,0.11259214673012363,1.032,0.808,-0.00195,-22.48,close
2026-03-18,10:30,put,runner,-0.15415556353071813,1.063,1.472,0.00661,40.8,close
2026-03-23,10:30,call,runner,0.11668263587140315,1.019,0.619,-0.00849,-40.1,stop
2026-03-27,13:30,put,runner,-0.0862547429323352,1.074,1.228,0.00399,15.31,close
2026-04-13,12:30,call,runner,0.08075075637682227,1.02,1.683,0.0068,66.2,close
2026-04-17,10:30,call,runner,0.12000980736563538,1.086,1.1,0.00114,1.33,close
2026-04-22,10:30,call,runner,0.09136363019671223,1.052,1.028,0.00099,-2.45,close
2026-06-09,11:30,put,runner,-0.0928043537121312,1.053,1.053,-0.00829,-0.1,trail stop
2026-06-10,11:30,put,runner,-0.09806297411150405,1.058,1.618,0.00828,55.88,close
2026-06-11,10:30,put,runner,-0.08972371308023158,1.052,0.652,-0.01207,-40.1,stop
2026-06-17,10:30,put,runner,-0.12234203678088018,1.037,1.555,0.01431,51.75,trail stop
2026-07-29,10:30,put,runner,-0.15433475181348322,1.093,0.693,0.00731,-40.1,stop
2026-08-07,10:30,call,runner,0.0912549910198398,1.03,0.927,-5e-05,-10.47,close
2026-09-16,10:30,put,runner,-0.15763383400618214,1.033,1.634,0.00646,60.03,close
