date,time,p_up,base,signal,price
2026-09-30,12:10,0.4661,0.5419,none,768.79
2026-09-30,12:15,0.5703,0.5419,none,769.0
2026-09-30,12:20,0.4797,0.5419,none,768.43
2026-09-30,12:25,0.4954,0.5419,none,768.32
2026-09-30,12:30,0.511,0.5419,none,767.97
2026-09-30,12:35,0.509,0.5419,none,768.03
2026-09-30,12:40,0.5088,0.5419,none,767.96
2026-09-30,12:45,0.4874,0.5419,none,768.35
2026-09-30,12:50,0.5148,0.5419,none,767.85
2026-09-30,12:55,0.5049,0.5419,none,767.99
2026-09-30,13:00,0.5036,0.5419,none,768.16
2026-09-30,13:05,0.4925,0.5419,none,768.22
2026-09-30,13:10,0.4927,0.5419,none,768.3
2026-09-30,13:15,0.5023,0.5419,none,767.65
2026-09-30,13:20,0.4926,0.5419,none,766.76
2026-09-30,13:25,0.4907,0.5419,none,766.91
2026-09-30,13:30,0.4774,0.5419,none,767.03
2026-09-30,13:35,0.4683,0.5419,none,767.25
2026-09-30,13:40,0.4732,0.5419,none,767.45
2026-09-30,13:45,0.473,0.5419,none,767.42
2026-09-30,13:50,0.5005,0.5419,none,767.89
2026-09-30,13:55,0.4898,0.5419,none,767.68
2026-09-30,14:00,0.4908,0.5419,none,767.64
2026-09-30,14:05,0.4723,0.5419,none,767.27
2026-09-30,14:10,0.4726,0.5419,none,767.16
2026-09-30,14:15,0.477,0.5419,none,767.32
2026-09-30,14:20,0.4722,0.5419,none,766.99
2026-09-30,14:25,0.4755,0.5419,none,766.64
2026-10-01,10:40,0.5377,0.5391,none,761.97
2026-10-01,10:45,0.5292,0.5391,none,761.64
2026-10-01,10:50,0.5241,0.5391,none,761.43
2026-10-01,10:55,0.5227,0.5391,none,760.6
2026-10-01,11:00,0.522,0.5391,none,760.51
2026-10-01,11:05,0.5045,0.5391,none,759.8
2026-10-01,11:10,0.4974,0.5391,none,759.17
2026-10-01,11:15,0.4937,0.5391,none,760.04
2026-10-01,11:20,0.5138,0.5391,none,760.91
2026-10-01,11:25,0.5123,0.5391,none,760.71
2026-10-01,11:30,0.5122,0.5391,none,760.39
2026-10-01,11:35,0.4922,0.5391,none,759.54
2026-10-01,11:40,0.5128,0.5391,none,760.68
2026-10-01,11:45,0.4915,0.5391,none,759.64
2026-10-01,11:50,0.4871,0.5391,none,759.9
2026-10-01,11:55,0.4972,0.5391,none,759.81
2026-10-01,12:00,0.511,0.5391,none,760.36
2026-10-01,12:05,0.5126,0.5391,none,760.97
2026-10-01,12:10,0.5117,0.5391,none,760.95
2026-10-01,12:15,0.5138,0.5391,none,760.61
2026-10-01,12:20,0.5152,0.5391,none,760.98
2026-10-01,12:25,0.5189,0.5391,none,761.59
2026-10-01,12:30,0.52,0.5391,none,761.38
2026-10-01,12:35,0.4893,0.5391,none,762.31
2026-10-01,12:40,0.5324,0.5391,none,761.91
2026-10-01,12:45,0.5313,0.5391,none,761.99
2026-10-01,12:50,0.5334,0.5391,none,761.79
2026-10-01,12:55,0.5119,0.5391,none,760.8
2026-10-01,13:00,0.512,0.5391,none,761.05
2026-10-01,13:05,0.5323,0.5391,none,761.92
2026-10-01,13:10,0.5124,0.5391,none,761.61
2026-10-01,13:15,0.5307,0.5391,none,761.87
2026-10-01,13:20,0.4751,0.5391,none,762.72
2026-10-01,13:25,0.4732,0.5391,none,763.81
2026-10-01,13:30,0.4478,0.5391,put,764.43
2026-10-02,14:19,0.5867,0.5388,none,768.79
2026-10-02,14:20,0.5864,0.5388,none,768.91
2026-10-02,14:25,0.5906,0.5388,none,768.71
